Story ID,Epic,Title,User Type,User Goal,User Benefit,Acceptance Criteria,Technical Requirements,AI Usage,Tags
1.1,Epic 1: Document Ingestion & Processing,Ingest Customer Meeting Transcripts,Product Manager,the system to parse meeting transcripts from multiple formats,customer insights are automatically captured,"Support PDF, TXT, DOCX formats; Extract speaker identification and timestamps; Handle multi-page documents (50+ pages); Preserve formatting for code snippets or technical details; Store raw content with metadata (date, participants, meeting type)",Use PyPDF2 or pdfplumber for PDF extraction; Implement chunking strategy for large documents (max 10k tokens per chunk); Store in vector database with embeddings for semantic search,,ingestion
1.2,Epic 1: Document Ingestion & Processing,Parse Confluence/Wiki Architecture Docs,Engineering Lead,architecture constraints automatically extracted from Confluence,new stories respect existing technical decisions,"Integrate with Confluence REST API; Extract architecture decision records (ADRs); Identify technology constraints (languages, frameworks, databases); Parse system diagrams and component relationships; Cache architecture rules for fast lookup","Use Atlassian Confluence API client; Parse HTML/Markdown content; Extract structured data: decisions, constraints, dependencies; Store in knowledge graph format",,ingestion
1.3,Epic 1: Document Ingestion & Processing,Import Existing JIRA/GitHub Backlog,Development Team,existing backlog items automatically imported,we can detect duplicates and conflicts,"Connect to JIRA REST API with OAuth; Connect to GitHub Issues API with PAT; Import all open issues with full metadata; Track story status, assignees, labels, links; Handle pagination for large backlogs (1000+ issues); Incremental sync for updates",Use JIRA Python SDK or MCP integration; Use PyGithub or GitHub GraphQL API; Store normalized issue format across both systems; Implement retry logic with exponential backoff,,ingestion
2.1,Epic 2: AI-Enhanced Analysis & Synthesis,Extract Requirements from Transcripts,System Agent,to identify feature requests and requirements in transcripts,customer needs are captured as structured requirements,"Use NLP to identify feature requests vs discussions; Extract user pain points and desired outcomes; Classify requirements by priority signals (urgent, nice-to-have); Link requirements to customer quotes for traceability; Handle ambiguous or conflicting statements",Use Claude with structured output for extraction; Implement prompt chain: Extract → Classify → Validate; Store extracted requirements with confidence scores; Generate citations linking back to source paragraphs,Claude 3.5 Sonnet for requirement extraction; Prompt template with few-shot examples; Structured output with confidence scores,analysis
2.2,Epic 2: AI-Enhanced Analysis & Synthesis,Map Requirements to Architecture Constraints,System Agent,to validate new requirements against architecture rules,stories don't violate technical constraints,"Match requirements to relevant architecture docs; Identify constraint violations (e.g., ""new microservice"" when architecture mandates monolith); Flag requirements needing architectural review; Suggest alternative implementations that satisfy constraints; Generate explanation of why a requirement conflicts","Vector similarity search between requirements and ADRs; Rule engine for hard constraints (technology stack, security policies); LLM-based reasoning for soft constraints; Confidence threshold: 0.8 for auto-flagging conflicts",Embedding model for semantic matching; Claude for constraint reasoning and explanations,analysis
2.3,Epic 2: AI-Enhanced Analysis & Synthesis,Detect Gaps in Backlog Coverage,Product Manager,to identify missing backlog items,customer requests don't fall through the cracks,Compare customer requests to existing backlog; Identify requests with no corresponding stories; Detect partial coverage (story exists but missing key aspects); Rank gaps by customer impact (based on transcript emphasis); Generate gap report with recommendations,Semantic similarity matching (embeddings); Threshold: similarity < 0.7 indicates potential gap; Aggregate multiple transcript mentions for ranking; Output structured gap report (JSON + Markdown),Embedding model: text-embedding-3-large; Claude for gap analysis and recommendations,analysis
2.4,Epic 2: AI-Enhanced Analysis & Synthesis,Identify Conflicting Requirements,Engineering Lead,to detect contradictions in backlog,we resolve conflicts before development,"Detect stories with opposing goals or implementations; Identify resource conflicts (same component, different approaches); Flag priority conflicts (urgent stories with conflicting dependencies); Suggest resolution strategies; Rank conflicts by severity (blocking vs. nice-to-resolve)","Pairwise story comparison using embeddings; Conflict detection rules: opposing verbs, mutually exclusive states; LLM-based reasoning for complex conflicts; Conflict severity scoring: 1 (minor) to 5 (blocking)",Claude for conflict reasoning; Structured output with conflict type and resolution options,analysis
3.1,Epic 3: Story Generation & Structuring,Generate User Stories with Acceptance Criteria,System Agent,to transform requirements into well-formed user stories,"teams have clear, actionable work items","Use ""As a... I want... So that..."" format; Generate 3-5 acceptance criteria per story; Include technical requirements section; Suggest story points (S/M/L sizing); Link to source transcripts and architecture docs; Follow team's story template and conventions","Claude with structured output schema; Validate against story quality checklist (INVEST criteria); Include metadata: created_date, source_documents, confidence; Support custom story templates via configuration",Claude 3.5 Sonnet for story generation; Prompt includes team conventions and examples; Validation pass for completeness and clarity,generation
3.2,Epic 3: Story Generation & Structuring,Organize Stories into Epics and Tasks,Product Manager,stories automatically grouped into logical epics,the backlog has clear thematic organization,Cluster related stories into epics (3-8 stories per epic); Generate epic descriptions with goals and scope; Break down complex stories into subtasks; Create dependency graph between stories; Suggest implementation order based on dependencies,"Clustering algorithm: K-means or hierarchical on embeddings; Epic naming: extract common themes; Dependency detection: look for ""requires"", ""depends on"", ""after""; Output: Epic → Stories → Tasks hierarchy",Claude for epic description generation; Graph analysis for dependency ordering,generation
3.3,Epic 3: Story Generation & Structuring,Apply Feature and System Tags,Development Team,stories automatically tagged,we can filter and track work by component,"Auto-tag by feature area (auth, api, frontend, database); Auto-tag by system component (user-service, payment-gateway); Apply cross-cutting tags (security, performance, accessibility); Support custom tag vocabulary from team configuration; Tag confidence scores for manual review",Classification model or keyword matching; Tag ontology configurable via YAML; Multi-label classification (story can have 2-5 tags); Minimum confidence: 0.7 for auto-application,Claude for classification with tag vocabulary; Zero-shot classification with tag descriptions,generation
4.1,Epic 4: Memory & Context Management,Implement Vector Database for Semantic Search,System,all documents stored in a vector database,agents can retrieve relevant context efficiently,"Deploy vector database (Chroma, Weaviate, or Qdrant); Store embeddings for all ingested documents; Support semantic search across transcripts, docs, stories; Handle 10k+ documents with <500ms query latency; Implement metadata filtering (date, source, type)","Choose: ChromaDB (simplicity) or Weaviate (scale); Embedding model: text-embedding-3-large (3072 dimensions); Chunking: 512 tokens with 50 token overlap; Persistence: local SQLite for dev, hosted for production",,infrastructure
4.2,Epic 4: Memory & Context Management,Build Agent Memory System,Agent,to persist conversation history and decisions,I maintain context across multi-step workflows,"Store agent execution history (inputs, outputs, reasoning); Track decision points with explanations; Support memory retrieval by semantic similarity; Implement memory summarization for long contexts; Clear memory for new projects while preserving learnings","Memory types: episodic (recent), semantic (facts), procedural (rules); Storage: Redis for fast access + vector DB for semantic; Memory window: last 20 turns or 10k tokens; Summarization trigger: every 50 turns",Claude for memory summarization; Embeddings for semantic memory retrieval,infrastructure
4.3,Epic 4: Memory & Context Management,Implement Audit Trail and Provenance Tracking,Product Manager,to see how each story was generated,I can trust and refine the system's decisions,"Log every agent decision with timestamp and reasoning; Link each story back to source documents (transcript, ADR, issue); Track AI model calls with prompts and responses; Generate human-readable audit reports; Support filtering logs by story, agent, or date","Structured logging: JSON format with trace IDs; Storage: SQLite database with indexed fields; UI: Web dashboard showing decision flow; Retention: 90 days default, configurable",,infrastructure
5.1,Epic 5: Multi-Agent Orchestration,Design Agent Communication Protocol,System Architect,agents to communicate via standardized messages,the system is modular and extensible,"Define message schema (JSON with type, sender, payload, metadata); Implement message queue (Redis Pub/Sub or RabbitMQ); Support synchronous (RPC) and asynchronous (event) patterns; Handle message failures with dead letter queue; Log all inter-agent communication","Message types: REQUEST, RESPONSE, EVENT, ERROR; Timeout: 30s for synchronous calls; Retry: 3 attempts with exponential backoff; Schema validation using Pydantic",,infrastructure
5.2,Epic 5: Multi-Agent Orchestration,Implement Ingestion Agent,System,a dedicated agent for document ingestion,parsing is isolated and scalable,Accept file upload or API URL as input; Detect file type and route to appropriate parser; Extract text and metadata; Chunk documents for processing; Emit DOCUMENT_INGESTED event with chunks,"Supported formats: PDF, DOCX, TXT, HTML, Markdown; Max file size: 50MB; Chunking: 512 tokens with overlap; Output: document_id, chunks[], metadata{}; ; **Agent Type:** Specialized worker agent",,agents
5.3,Epic 5: Multi-Agent Orchestration,Implement Analysis Agent,System,a dedicated agent for requirement analysis,complex reasoning is centralized,Extract requirements from ingested chunks; Map requirements to architecture constraints; Detect gaps against existing backlog; Identify conflicts between requirements; Emit ANALYSIS_COMPLETE event with findings,"Input: document_id, existing_backlog[]; Processing: parallel analysis of chunks; Output: requirements[], gaps[], conflicts[]; Model: Claude 3.5 Sonnet; ; **Agent Type:** Reasoning agent with long-context support",,agents
5.4,Epic 5: Multi-Agent Orchestration,Implement Story Generation Agent,System,a dedicated agent for story creation,generation quality is consistent,Transform requirements into user stories; Apply story template and conventions; Generate acceptance criteria; Assign tags and epic grouping; Validate story quality (INVEST criteria); Emit STORIES_GENERATED event,"Input: requirements[], architecture_context, style_guide; Output: stories[], epics[], quality_score; Model: Claude 3.5 Sonnet with structured output; Validation: Pydantic schema enforcement; ; **Agent Type:** Generation agent with template support",,agents
5.5,Epic 5: Multi-Agent Orchestration,Implement Orchestrator Agent,System,a coordinator to manage the workflow,the end-to-end process is reliable,Coordinate multi-agent workflow: Ingest → Analyze → Generate; Handle agent failures with retries; Track progress and report status; Aggregate results from multiple agents; Support parallel processing of multiple documents,"Workflow engine: LangGraph or custom state machine; State persistence: SQLite checkpointing; Error handling: retry up to 3 times, escalate if failed; Progress tracking: 0-100% with stage indicators; ; **Agent Type:** Supervisor agent",,agents
6.1,Epic 6: Evaluation & Quality Assurance,Create Golden Dataset for Evaluation,QA Engineer,a curated dataset with ideal outputs,I can measure system accuracy,"Create 5 sample transcripts representing common scenarios; Manually write ideal user stories for each; Document expected gaps and conflicts; Include edge cases (ambiguous requirements, conflicts); Store in version control with metadata","Format: JSON with input/expected_output pairs; Scenarios: greenfield, enhancement, bugfix, architectural, cross-cutting; Storage: tests/golden_dataset/; Versioning: track changes to expectations",,evaluation
6.2,Epic 6: Evaluation & Quality Assurance,Define Success Metrics,Product Owner,clear metrics for system performance,I can track improvement over time,**Completeness:** % of requirements converted to stories; **Accuracy:** F1 score for conflict detection (vs. human labels); **Coverage:** % of transcript content captured in stories; **Quality:** INVEST score for generated stories (1-5 scale); **Efficiency:** Time to process vs. manual baseline,"Implement metric calculators for each dimension; Baseline: measure manual process time/quality; Target: 90% completeness, 0.85 F1 for conflicts, 8/10 quality; Dashboard: real-time metrics tracking",,evaluation
6.3,Epic 6: Evaluation & Quality Assurance,Implement LLM-as-Judge Evaluation,System,automated quality assessment of generated stories,evaluation scales without manual review,Use Claude to score story quality (1-5 on INVEST criteria); Compare generated stories to golden dataset; Generate explanations for scores; Aggregate scores into overall quality metric; Flag stories below quality threshold for human review,"Judge model: Claude 3.5 Sonnet (separate instance); Prompt: include rubric and examples; Scoring dimensions: Independent, Negotiable, Valuable, Estimable, Small, Testable; Output: score per dimension + overall + explanation",Claude as judge with detailed rubric; Batch evaluation for efficiency,evaluation
6.4,Epic 6: Evaluation & Quality Assurance,Implement Keyword-Based Conflict Detection,System,"fast, rule-based conflict detection",obvious conflicts are caught immediately,"Define conflict keywords (remove/add, enable/disable, always/never); Scan story pairs for opposing keywords; Flag high-confidence conflicts (exact opposites); Provide lightweight first-pass before LLM analysis; Achieve <100ms per story pair",Keyword dictionary: 50+ conflict pairs; Algorithm: token-level matching with context window (±5 words); Precision target: 0.8 (minimize false positives); Recall: complement with LLM for remaining cases,,evaluation
7.1,Epic 7: Error Handling & Resilience,Implement API Retry Logic with Exponential Backoff,System,automatic retries on API failures,transient errors don't break workflows,"Retry failed API calls up to 3 times; Use exponential backoff: 2s, 4s, 8s; Log each retry attempt with error details; Fail gracefully after max retries; Apply to: JIRA, GitHub, Confluence, Claude APIs","Use tenacity library for retry logic; Retry on: timeouts, 429 (rate limit), 500+ errors; Don't retry: 400 (bad request), 401 (auth), 404 (not found); Timeout: 60s per API call",,infrastructure
7.2,Epic 7: Error Handling & Resilience,Implement Circuit Breaker for External Services,System,circuit breakers on external APIs,cascading failures are prevented,"Open circuit after 5 consecutive failures; Half-open state: test with single request after 30s; Close circuit if test succeeds; Log circuit state changes; Per-service circuit breakers (JIRA, GitHub, Claude)",Use PyBreaker library; Failure threshold: 5 errors; Timeout: 30s before retry; Monitoring: expose circuit state via API,,infrastructure
7.3,Epic 7: Error Handling & Resilience,Implement Graceful Degradation,User,partial results when components fail,I can still get value from successful parts,"Return partial results if some agents fail; Mark incomplete outputs with warnings; Provide fallback for non-critical features (tags, sizing); Allow user to retry failed portions only; Log degraded state for monitoring","Workflow stages: required vs. optional; Required: ingestion, story generation; Optional: gap detection, conflict detection, tagging; Output includes: success_flags{}, warnings[], retry_info{}",,infrastructure
8.1,Epic 8: User Interface & Integration,Build Web Dashboard for Story Review,Product Manager,a web UI to review generated stories,I can approve or refine before JIRA creation,Display generated stories in card view; Show provenance: linked transcripts and architecture docs; Enable inline editing of stories; Highlight detected conflicts and gaps; Approve/reject/edit workflow; Batch create stories in JIRA,"Framework: Flask + HTMX or FastAPI + React; Features: story editor, diff view, audit trail viewer; Integration: JIRA API for bulk creation; State management: track edits before final commit",,ui
8.2,Epic 8: User Interface & Integration,Implement CLI for Automation,DevOps Engineer,a command-line interface,I can automate backlog synthesis in CI/CD,"Commands: ingest, analyze, generate, evaluate; Support file input and API URLs; Output JSON for programmatic use; Support dry-run mode; Exit codes for success/failure",Use Click or Typer for CLI; Commands:;   `backlog-synth ingest <files>`;   `backlog-synth analyze --project <key>`;   `backlog-synth generate --output stories.json`;   `backlog-synth eval --golden-dataset <path>`; Configuration: YAML file or environment variables,,cli
8.3,Epic 8: User Interface & Integration,Create JIRA Integration for Story Publishing,Product Manager,stories automatically created in JIRA,I don't manually copy/paste,Authenticate with JIRA OAuth or API token; Create epics and stories in specified project; Apply labels and components based on tags; Link stories to original transcripts (as attachments or URLs); Handle duplicate detection (don't recreate existing stories),Use JIRA REST API or MCP integration; Map internal story format to JIRA fields; Duplicate detection: compare summaries via embeddings; Threshold: similarity > 0.9 = likely duplicate; Output: JIRA issue keys for created stories,,integration
